<?xml version="1.0" encoding="UTF-8" standalone="no"?>
<catalog xmlns="urn:oasis:names:tc:entity:xmlns:xml:catalog" prefer="system">
    <system systemId="file:/I:/Software%20Development%20of%20Web%20Services/NetBeansProjects/Project/LameDuckService/src/java/ws/lameduck/LameDuckWSDL.wsdl" uri="src/conf/xml-resources/web-services/LameDuckService/wsdl/LameDuckWSDL.wsdl"/>
    <nextCatalog catalog="nbproject/private/cache/retriever/catalog.xml"/>
    <system systemId="file:/I:/scoala/sfow/github/WS_Project_TravelGood/LameDuckService/src/java/ws/lameduck/LameDuckWSDL.wsdl" uri="src/conf/xml-resources/web-services/LameDuckWSDLService/wsdl/LameDuckWSDL.wsdl"/>
    <system systemId="file:/I:/scoala/sfow/github/WS_Project_TravelGood/LameDuckService/src/java/ws/lameduck/types/LameDuckXSD.xsd" uri="src/conf/xml-resources/web-services/LameDuckWSDLService/wsdl/types/LameDuckXSD.xsd"/>
    <system systemId="file:/H:/Private/Dokument/GitHub/WS_Project_TravelGood/LameDuckService/src/java/ws/lameduck/LameDuckWSDL.wsdl" uri="src/conf/xml-resources/web-services/LameDuckWSDLService/wsdl/LameDuckWSDL.wsdl"/>
    <system systemId="file:/H:/Private/Dokument/GitHub/WS_Project_TravelGood/LameDuckService/src/java/ws/lameduck/types/LameDuckXSD.xsd" uri="src/conf/xml-resources/web-services/LameDuckWSDLService/wsdl/types/LameDuckXSD.xsd"/>
    <system systemId="http://fastmoney.imm.dtu.dk:8080/BankService?wsdl" uri="src/conf/xml-resources/web-service-references/BankService/wsdl/fastmoney.imm.dtu.dk_8080/BankService.wsdl"/>
    <system systemId="http://fastmoney.imm.dtu.dk:8080/BankService?xsd=1" uri="src/conf/xml-resources/web-service-references/BankService/wsdl/fastmoney.imm.dtu.dk_8080/BankService.xsd_1.xsd"/>
</catalog>
















