<?xml version="1.0" encoding="UTF-8"?>
<project xmlns:xalan="http://xml.apache.org/xslt" xmlns:j2seproject3="http://www.netbeans.org/ns/j2se-project/3" xmlns:jaxws="http://www.netbeans.org/ns/jax-ws/1">
    <!--
                ===================
                JAX-WS WSIMPORT SECTION
                ===================
            -->
    <target name="wsimport-init" depends="init">
        <mkdir dir="${build.generated.sources.dir}/jax-ws"/>
        <taskdef name="wsimport" classname="com.sun.tools.ws.ant.WsImport">
            <classpath path="${libs.jaxws21.classpath}"/>
        </taskdef>
    </target>
    <target name="wsimport-client-service" depends="wsimport-init">
        <mkdir dir="${build.generated.dir}/jax-wsCache/service"/>
        <property name="wsdl-service" location="xml-resources/web-service-references/service/wsdl/localhost_9080/service.wsdl"/>
        <wsimport sourcedestdir="${build.generated.dir}/jax-wsCache/service" destdir="${build.generated.dir}/jax-wsCache/service" wsdl="${wsdl-service}" catalog="catalog.xml" extension="true" verbose="true" wsdlLocation="http://localhost:9080/service?wsdl" xnocompile="true">
            <depends file="${wsdl-service}"/>
            <produces dir="${build.generated.dir}/jax-wsCache/service"/>
        </wsimport>
        <copy todir="${build.generated.sources.dir}/jax-ws">
            <fileset dir="${build.generated.dir}/jax-wsCache/service">
                <include name="**/*.java"/>
            </fileset>
        </copy>
    </target>
    <target name="wsimport-client-clean-service" depends="-init-project">
        <delete dir="${build.generated.dir}/jax-wsCache/service"/>
        <delete dir="${build.generated.sources.dir}/jax-ws/ws/travelgood"/>
    </target>
    <target name="wsimport-client-generate" depends="wsimport-client-service"/>
</project>
