<?xml version="1.0" encoding="UTF-8" standalone="no"?>
<jbi xmlns="http://java.sun.com/xml/ns/jbi" xmlns:ns0="http://enterprise.netbeans.org/bpel/TravelGoodBPEL/travelGoodBPEL" xmlns:ns1="http://lameduck.ws" xmlns:ns2="http://niceview.ws" xmlns:ns3="http://travelgood.ws" xmlns:ns4="http://www.sun.com/jbi/descriptor/service-unit" version="1.0">
    <services binding-component="false">
        <provides endpoint-name="TravelGoodWSDLPortTypeRole_myRole" interface-name="ns3:TravelGoodWSDLPortType" service-name="ns0:PartnerLink1">
            <ns4:display-name>PartnerLink1</ns4:display-name>
            <ns4:process-name>travelGoodBPEL</ns4:process-name>
            <ns4:file-path>travelGoodBPEL.bpel</ns4:file-path>
        </provides>
        <consumes endpoint-name="LameDuckWSDLRole_partnerRole" interface-name="ns1:LameDuckWSDLPortType" service-name="ns0:PartnerLink2">
            <ns4:display-name>PartnerLink2</ns4:display-name>
            <ns4:process-name>travelGoodBPEL</ns4:process-name>
            <ns4:file-path>travelGoodBPEL.bpel</ns4:file-path>
        </consumes>
        <consumes endpoint-name="NiceViewWSDLRole_partnerRole" interface-name="ns2:NiceViewWSDLPortType" service-name="ns0:PartnerLink3">
            <ns4:display-name>PartnerLink3</ns4:display-name>
            <ns4:process-name>travelGoodBPEL</ns4:process-name>
            <ns4:file-path>travelGoodBPEL.bpel</ns4:file-path>
        </consumes>
    </services>
</jbi>
