<?xml version="1.0" encoding="UTF-8"?>
<project xmlns:xalan="http://xml.apache.org/xslt" xmlns:j2seproject3="http://www.netbeans.org/ns/j2se-project/3" xmlns:jaxws="http://www.netbeans.org/ns/jax-ws/1">
    <!--
                ===================
                JAX-WS WSIMPORT SECTION
                ===================
            -->
    <target name="wsimport-init" depends="init">
        <mkdir dir="${build.generated.sources.dir}/jax-ws"/>
        <taskdef name="wsimport" classname="com.sun.tools.ws.ant.WsImport">
            <classpath path="${libs.jaxws21.classpath}"/>
        </taskdef>
    </target>
    <target name="wsimport-client-NiceViewWSDLService" depends="wsimport-init">
        <mkdir dir="${build.generated.dir}/jax-wsCache/NiceViewWSDLService"/>
        <property name="wsdl-NiceViewWSDLService" location="xml-resources/web-service-references/NiceViewWSDLService/wsdl/localhost_8080/NiceViewService/NiceViewWSDLService.wsdl"/>
        <wsimport sourcedestdir="${build.generated.dir}/jax-wsCache/NiceViewWSDLService" destdir="${build.generated.dir}/jax-wsCache/NiceViewWSDLService" wsdl="${wsdl-NiceViewWSDLService}" catalog="catalog.xml" extension="true" verbose="true" wsdlLocation="http://localhost:8080/NiceViewService/NiceViewWSDLService?wsdl" xnocompile="true">
            <depends file="${wsdl-NiceViewWSDLService}"/>
            <produces dir="${build.generated.dir}/jax-wsCache/NiceViewWSDLService"/>
        </wsimport>
        <copy todir="${build.generated.sources.dir}/jax-ws">
            <fileset dir="${build.generated.dir}/jax-wsCache/NiceViewWSDLService">
                <include name="**/*.java"/>
            </fileset>
        </copy>
    </target>
    <target name="wsimport-client-clean-NiceViewWSDLService" depends="-init-project">
        <delete dir="${build.generated.dir}/jax-wsCache/NiceViewWSDLService"/>
        <delete dir="${build.generated.sources.dir}/jax-ws/ws/niceview"/>
    </target>
    <target name="wsimport-client-generate" depends="wsimport-client-NiceViewWSDLService"/>
</project>
