<?xml version="1.0" encoding="UTF-8"?>
<project xmlns:xalan="http://xml.apache.org/xslt" xmlns:j2seproject3="http://www.netbeans.org/ns/j2se-project/3" xmlns:jaxws="http://www.netbeans.org/ns/jax-ws/1">
    <!--
                ===================
                JAX-WS WSIMPORT SECTION
                ===================
            -->
    <target name="wsimport-init" depends="init">
        <mkdir dir="${build.generated.sources.dir}/jax-ws"/>
        <taskdef name="wsimport" classname="com.sun.tools.ws.ant.WsImport">
            <classpath path="${libs.jaxws21.classpath}"/>
        </taskdef>
    </target>
    <target name="wsimport-client-LameDuckWSDLService" depends="wsimport-init">
        <mkdir dir="${build.generated.dir}/jax-wsCache/LameDuckWSDLService"/>
        <property name="wsdl-LameDuckWSDLService" location="xml-resources/web-service-references/LameDuckWSDLService/wsdl/localhost_8080/LameDuckService/LameDuckWSDLService.wsdl"/>
        <wsimport sourcedestdir="${build.generated.dir}/jax-wsCache/LameDuckWSDLService" destdir="${build.generated.dir}/jax-wsCache/LameDuckWSDLService" wsdl="${wsdl-LameDuckWSDLService}" catalog="catalog.xml" extension="true" verbose="true" wsdlLocation="http://localhost:8080/LameDuckService/LameDuckWSDLService?wsdl" xnocompile="true">
            <depends file="${wsdl-LameDuckWSDLService}"/>
            <produces dir="${build.generated.dir}/jax-wsCache/LameDuckWSDLService"/>
        </wsimport>
        <copy todir="${build.generated.sources.dir}/jax-ws">
            <fileset dir="${build.generated.dir}/jax-wsCache/LameDuckWSDLService">
                <include name="**/*.java"/>
            </fileset>
        </copy>
    </target>
    <target name="wsimport-client-clean-LameDuckWSDLService" depends="-init-project">
        <delete dir="${build.generated.dir}/jax-wsCache/LameDuckWSDLService"/>
        <delete dir="${build.generated.sources.dir}/jax-ws/ws/lameduck"/>
    </target>
    <target name="wsimport-client-generate" depends="wsimport-client-LameDuckWSDLService"/>
</project>
