<<<<<<< HEAD
<?xml version="1.0" encoding="UTF-8" standalone="no"?>
<catalog xmlns="urn:oasis:names:tc:entity:xmlns:xml:catalog" prefer="system">
    <system systemId="http://localhost:8080/NiceViewService/NiceViewWSDLService?wsdl" uri="wsdl/localhost_8080/NiceViewService/NiceViewWSDLService.wsdl"/>
    <system systemId="http://localhost:8080/NiceViewService/NiceViewWSDLService?xsd=1" uri="wsdl/localhost_8080/NiceViewService/NiceViewWSDLService.xsd_1.xsd"/>
    <system systemId="http://fastmoney.imm.dtu.dk:8080/BankService?xsd=1" uri="wsdl/fastmoney.imm.dtu.dk_8080/BankService.xsd_1.xsd"/>
</catalog>








=======
<?xml version="1.0" encoding="UTF-8" standalone="no"?>
<catalog xmlns="urn:oasis:names:tc:entity:xmlns:xml:catalog" prefer="system">
    <system systemId="http://localhost:8080/NiceViewService/NiceViewWSDLService?wsdl" uri="wsdl/localhost_8080/NiceViewService/NiceViewWSDLService.wsdl"/>
    <system systemId="http://localhost:8080/NiceViewService/NiceViewWSDLService?xsd=1" uri="wsdl/localhost_8080/NiceViewService/NiceViewWSDLService.xsd_1.xsd"/>
    <system systemId="http://fastmoney.imm.dtu.dk:8080/BankService?xsd=1" uri="wsdl/fastmoney.imm.dtu.dk_8080/BankService.xsd_1.xsd"/>
</catalog>








>>>>>>> 71cb1bc10f5ffd222d0fdab64b6c0c0b487e2a5c
